STATEFP,COUNTYFP,COUNTYNS,GEOID,GEOIDFQ,NAME,NAMELSAD,LSAD,CLASSFP,MTFCC,CSAFP,CBSAFP,METDIVFP,FUNCSTAT,ALAND,AWATER,INTPTLAT,INTPTLON,nlcd_11,nlcd_12,nlcd_21,nlcd_22,nlcd_23,nlcd_24,nlcd_31,nlcd_41,nlcd_42,nlcd_43,nlcd_52,nlcd_71,nlcd_81,nlcd_82,nlcd_90,nlcd_95,nlcd_NODATA
06,091,00277310,06091,0500000US06091,Sierra,Sierra County,06,H1,G4020,,,,A,2468694578,23299110,39.5769252,-120.5219926,22102,7,62672,20310,1265,120,3972,5040,1942750,0,475545,120989,23973,6932,17992,65199,0
06,067,00277298,06067,0500000US06067,Sacramento,Sacramento County,06,H1,G4020,472,40900,,A,2500063005,75323439,38.4501363,-121.3443291,84729,0,177004,321294,424622,83234,17331,2000,773,94,19842,807952,16349,812837,25601,67906,0
06,083,00277306,06083,0500000US06083,Santa Barbara,Santa Barbara County,06,H1,G4020,,42200,,A,7080874935,2729198796,34.5366774,-120.0383645,3012730,0,170146,152580,109545,13037,37693,1871,340495,452469,4773863,1300172,14612,419711,45485,55572,68
06,009,01675885,06009,0500000US06009,Calaveras,Calaveras County,06,H1,G4020,,,,A,2641829627,43797225,38.1910682,-120.5541065,64586,0,118918,41730,7866,844,3760,93193,1103162,1662,839736,697346,370,2936,7154,789,0
06,111,00277320,06111,0500000US06111,Ventura,Ventura County,06,H1,G4020,348,37100,,A,4767585000,947376202,34.3587477,-119.1331453,1033270,0,141555,222470,241927,31037,25533,937,393203,78384,3274437,480599,7818,342873,35297,40608,28
06,037,00277283,06037,0500000US06037,Los Angeles,Los Angeles County,06,H1,G4020,348,31080,31084,A,10515988121,1785003256,34.1963983,-118.2618616,1888690,0,447895,1019760,1903237,638965,47893,1662,328192,153032,5938861,1047152,30899,98780,44345,18957,59435
06,097,01657246,06097,0500000US06097,Sonoma,Sonoma County,06,H1,G4020,,42220,,A,4080103614,497291856,38.5251824,-122.9261095,548180,0,199387,182713,130408,20380,9498,14311,1272617,205928,1207856,926971,40237,235371,22953,69163,11
06,031,00277280,06031,0500000US06031,Kings,Kings County,06,H1,G4020,260,25260,,A,3602601921,3164290,36.072478,-119.8155301,81145,0,93134,139690,75759,6550,41416,0,50,642,45458,974226,7231,2507524,622,32971,0
06,073,00277301,06073,0500000US06073,San Diego,San Diego County,06,H1,G4020,,41740,,A,10905039592,816542690,33.0236041,-116.7761174,833565,0,571189,715256,763187,143708,673028,11215,301841,244523,7875891,609309,13278,30058,92124,108604,37191
06,061,00277295,06061,0500000US06061,Placer,Placer County,06,H1,G4020,472,40900,,A,3644330331,246442517,39.0620323,-120.7227181,269836,6,228556,165828,137182,18499,15701,72759,1932826,555,707917,557557,17926,169027,21087,7848,0
06,075,00277302,06075,0500000US06075,San Francisco,San Francisco County,06,H6,G4020,488,41860,41884,C,120951669,479702222,37.7272391,-123.0322294,531877,0,10718,13547,63381,44681,1352,2,1128,8,59,250,0,55,128,199,6
06,041,00277285,06041,0500000US06041,Marin,Marin County,06,H1,G4020,488,41860,42034,A,1347159145,797808345,38.0513667,-122.7463958,887239,0,74281,85651,48294,7877,11098,2985,380288,71451,487670,242858,3324,12750,13656,53859,11
06,043,00277286,06043,0500000US06043,Mariposa,Mariposa County,06,H1,G4020,,,,A,3752476985,36220865,37.5743432,-119.9117215,30746,233,80615,21481,1931,108,44542,33998,1258019,166,1628292,1097106,17,204,8234,3973,0
06,035,01693324,06035,0500000US06035,Lassen,Lassen County,06,H1,G4020,,45000,,A,11762090640,462950977,40.7152866,-120.6212225,175999,0,175523,91589,12951,2350,260445,10681,3065382,3,6570234,2360390,205877,209284,197367,245319,0
06,055,00277292,06055,0500000US06055,Napa,Napa County,06,H1,G4020,488,34900,,A,1947606499,104444597,38.5070999,-122.3259045,126916,0,67160,58875,40021,8368,1047,2990,211535,45161,787588,757949,8114,124162,7279,32899,0
06,089,01682610,06089,0500000US06089,Shasta,Shasta County,06,H1,G4020,454,39820,,A,9778891285,185818272,40.7605142,-122.0435558,170733,97,351292,167352,58932,11399,88842,104401,4891111,1894,3511642,1394289,124518,81949,63229,50191,0
06,053,00277291,06053,0500000US06053,Monterey,Monterey County,06,H1,G4020,,41500,,A,8499609695,1267806850,36.2401044,-121.3155781,1348292,0,214413,147575,96824,17849,12660,3508,677739,496750,3847793,2779621,4127,1058573,71358,75537,44
06,105,00277317,06105,0500000US06105,Trinity,Trinity County,06,H1,G4020,,,,A,8234265080,73407950,40.6478582,-123.114666,76356,1711,186841,59436,4944,316,86267,44120,4105574,12184,2640767,1993940,3506,1,12369,2458,0
06,045,00277287,06045,0500000US06045,Mendocino,Mendocino County,06,H1,G4020,,46380,,A,9082586851,961786019,39.4323876,-123.4428811,1068330,0,196828,77422,22251,4680,27241,110417,5709770,246924,2526128,973077,98957,34025,47958,16422,19
06,027,01804637,06027,0500000US06027,Inyo,Inyo County,06,H1,G4020,,13860,,A,26410783053,77280938,36.5621604,-117.4042092,54895,10223,21763,63592,12383,1244,3729678,6994,1002267,177,23937578,227899,107202,12615,102411,140247,0
06,051,00277290,06051,0500000US06051,Mono,Mono County,06,H1,G4020,,,,A,7896625264,214695142,37.9158363,-118.8751668,267975,5182,22666,63811,13189,962,779879,106814,1814935,2,5427681,215129,53357,35475,86902,118692,0
06,109,00277319,06109,0500000US06109,Tuolumne,Tuolumne County,06,H1,G4020,,43760,,A,5752133236,138668835,38.0214344,-119.9647335,127877,3485,123345,54678,8390,1344,233318,36036,2732903,584,2646418,517417,1254,6,42139,16090,0
06,095,00277312,06095,0500000US06095,Solano,Solano County,06,H1,G4020,488,46700,,A,2128287126,218615209,38.2672255,-121.939594,251539,0,91997,114153,142237,27190,4121,366,10628,4630,116185,728794,10746,798026,4820,302248,0
06,071,00277300,06071,0500000US06071,San Bernardino,San Bernardino County,06,H1,G4020,348,40140,,A,51976311343,96418184,34.8566615,-116.1815707,79828,35,540113,757611,644881,145018,6569203,11499,771727,43995,47661283,465711,12015,66407,65121,24177,0
06,013,01675903,06013,0500000US06013,Contra Costa,Contra Costa County,06,H1,G4020,488,41860,36084,A,1856752855,225364426,37.919479,-121.9515431,244131,0,146445,297019,280614,50848,7890,412,105768,66703,276364,559936,11644,208738,6173,50779,0
06,003,01675840,06003,0500000US06003,Alpine,Alpine County,06,H1,G4020,456,23820,,A,1912292607,12557304,38.6217831,-119.7983522,14413,106,7015,9392,706,4,55050,11267,890512,0,968242,133634,4378,80,26932,16941,0
06,017,00277273,06017,0500000US06017,El Dorado,El Dorado County,06,H1,G4020,472,40900,,A,4423288010,203364019,38.7856116,-120.5342245,218429,201,233734,115164,29669,3420,39074,86647,2349110,511,1160618,876115,305,1,21487,6210,0
06,113,00277321,06113,0500000US06113,Yolo,Yolo County,06,H1,G4020,472,40900,,A,2623627933,22888380,38.6796091,-121.90275,26247,0,57000,91022,71860,17434,6903,321,2940,746,318965,639185,3040,1635752,9756,59375,0
06,115,00277322,06115,0500000US06115,Yuba,Yuba County,06,H1,G4020,472,49700,,A,1636887866,31084093,39.27013,-121.3442587,39747,0,76701,36424,22683,3382,30695,75207,574954,456,137596,360351,4577,474230,10569,5742,0
06,069,00277299,06069,0500000US06069,San Benito,San Benito County,06,H1,G4020,488,41940,,A,3596591086,4719300,36.6116507,-121.0858108,3375,0,41832,37893,19048,2123,6211,840,103303,237923,1562677,1767786,1562,181156,13491,22250,0
06,023,01681908,06023,0500000US06023,Humboldt,Humboldt County,06,H1,G4020,,21700,,A,9241141221,1254150035,40.7066554,-123.9261757,1386839,0,230814,101354,45505,9386,84628,319773,7267459,143204,1116654,638283,147877,3545,33619,132490,19
06,065,00277297,06065,0500000US06065,Riverside,Riverside County,06,H1,G4020,348,40140,,A,18671879658,242864215,33.7298275,-116.0022389,260061,0,656001,815246,758421,102861,1764664,664,263211,129909,14388812,972014,13617,766899,67829,56149,0
06,029,02054176,06029,0500000US06029,Kern,Kern County,06,H1,G4020,,12540,,A,21068705434,78332288,35.3466288,-118.7295064,58260,0,761160,470286,280905,41990,371811,85702,982254,97514,9219608,6584295,36365,4366304,19984,120257,0
06,011,01675902,06011,0500000US06011,Colusa,Colusa County,06,H1,G4020,,,,A,2980245451,14696164,39.1777385,-122.2375629,16457,0,36449,53675,14548,1662,2751,120,25612,1943,880243,671165,899,1508850,15474,97825,0
06,015,01682074,06015,0500000US06015,Del Norte,Del Norte County,06,H1,G4020,152,18860,,A,2606049835,578810831,41.7499033,-123.9809983,638903,0,63387,28307,9076,2886,15919,27269,1871652,63185,297352,428601,53490,1601,17812,19281,13
06,049,00277289,06049,0500000US06049,Modoc,Modoc County,06,H1,G4020,,,,A,10225876984,660504011,41.5929185,-120.7183704,243482,5,106367,82906,5378,461,503411,6894,2573057,0,6086552,1368647,251621,363021,124739,379441,0
06,019,00277274,06019,0500000US06019,Fresno,Fresno County,06,H1,G4020,260,23420,,A,15432139286,136609893,36.7610058,-119.6550193,129226,17094,364777,390757,319213,53845,805455,44235,2519887,43778,3388201,3292398,13380,5783174,55414,77833,0
06,039,00277284,06039,0500000US06039,Madera,Madera County,06,H1,G4020,260,23420,,A,5534591545,42271836,37.2098213,-119.7498023,36704,3812,208800,80319,34995,5433,178367,36898,1126925,34,1267370,1453805,956,1736507,13227,12313,0
06,085,00277307,06085,0500000US06085,Santa Clara,Santa Clara County,06,H1,G4020,488,41940,,A,3343892718,33595850,37.2216142,-121.6895401,66504,0,151547,279700,423190,95357,8630,2608,470647,272231,998271,868562,347,87001,9748,18445,0
06,103,01692767,06103,0500000US06103,Tehama,Tehama County,06,H1,G4020,454,39780,,A,7638229380,33767224,40.1261573,-122.2322737,23000,1,202105,90054,18521,4293,18730,11476,1246485,2474,2747449,3518378,79288,447558,69387,45229,0
06,077,00277303,06077,0500000US06077,San Joaquin,San Joaquin County,06,H1,G4020,488,44700,,A,3605878836,89000661,37.9349815,-121.272244,82447,0,137804,228108,261999,59309,6920,6,18,2276,32087,616993,1920,2632060,26862,16629,0
06,001,01675839,06001,0500000US06001,Alameda,Alameda County,06,H1,G4020,488,41860,36084,A,1910010507,216909647,37.6471385,-121.912488,299018,0,82625,171877,364601,118201,22248,518,100741,112475,358075,659780,80,28232,3299,41453,0
06,057,01682927,06057,0500000US06057,Nevada,Nevada County,06,H1,G4020,472,46020,,A,2480587299,41531993,39.2975082,-120.7713429,39820,7,149620,72380,18059,2183,13109,95096,1817763,88,493735,84096,2665,1,10430,3308,0
06,007,01675842,06007,0500000US06007,Butte,Butte County,06,H1,G4020,,17020,,A,4238488659,105260548,39.6653362,-121.6032086,96210,0,154309,165631,56930,10405,13165,65138,929429,401,962089,1056400,3803,1189344,39347,83803,0
06,047,00277288,06047,0500000US06047,Merced,Merced County,06,H1,G4020,488,32900,,A,5019407135,105277636,37.1948063,-120.7228019,76813,0,130615,162199,86028,10088,20907,34,2400,13951,188938,1871618,4285,2641595,12016,472633,0
06,107,00277318,06107,0500000US06107,Tulare,Tulare County,06,H1,G4020,,47300,,A,12493840856,37260863,36.2288339,-118.7810551,29085,3348,302085,218226,135211,15457,509076,148063,2717079,9900,3424762,2865782,5102,3432778,65802,41679,0
06,099,00277314,06099,0500000US06099,Stanislaus,Stanislaus County,06,H1,G4020,488,33700,,A,3875010968,46378776,37.5623162,-121.0028311,42848,0,132451,166392,162768,32210,5928,237,982,10588,239627,1574039,12456,1925160,27316,24085,0
06,059,00277294,06059,0500000US06059,Orange,Orange County,06,H1,G4020,348,31080,11244,A,2053499195,406256078,33.6756872,-117.7772068,448324,0,102974,324238,800608,186577,6472,108,25642,56482,673078,59337,701,15633,16567,15978,340
06,025,00277277,06025,0500000US06025,Imperial,Imperial County,06,H1,G4020,,20940,,A,10814568238,790135127,33.0408143,-115.3554001,758530,0,144762,175017,55829,6033,4142217,0,29,0,5239337,8473,7533,2223082,100378,32882,13
06,101,00277315,06101,0500000US06101,Sutter,Sutter County,06,H1,G4020,472,49700,,A,1560975502,14811541,39.0361898,-121.7039397,13967,0,27571,73209,33430,5167,726,1233,2873,1026,40587,126997,210,1352180,22152,49531,0
06,005,01675841,06005,0500000US06005,Amador,Amador County,06,H1,G4020,,,,A,1539967079,29437120,38.4435493,-120.653858,29402,2,73004,29624,8580,1434,11870,72343,682213,859,413165,398320,8328,10755,2582,1302,0
06,033,00277281,06033,0500000US06033,Lake,Lake County,06,H1,G4020,,17340,,A,3250647505,189100321,39.1080094,-122.7452171,209052,1,88889,59379,13157,1611,1650,15734,412395,37592,2289760,614400,21269,35257,11653,10188,0
06,063,00277296,06063,0500000US06063,Plumas,Plumas County,06,H1,G4020,,,,A,6612400771,156387638,39.9922953,-120.8243709,169809,0,203983,81304,8408,891,4263,2247,2233691,0,1894340,2661354,60972,26850,48166,124588,0
06,081,00277305,06081,0500000US06081,San Mateo,San Mateo County,06,H1,G4020,488,41860,41884,A,1161882952,757162988,37.4146725,-122.3715457,839668,0,70497,129315,150768,46772,13953,12534,388725,82842,295806,53925,1145,10807,8708,26783,6
06,093,00277311,06093,0500000US06093,Siskiyou,Siskiyou County,06,H1,G4020,,,,A,16261931187,179151859,41.5879861,-122.5332868,76524,4499,366091,196927,25372,2273,237553,22751,7879216,531,5363860,3013427,277821,482195,81539,237287,0
06,087,00277308,06087,0500000US06087,Santa Cruz,Santa Cruz County,06,H1,G4020,488,42100,,A,1152818089,419720203,37.0123466,-122.0077889,465093,0,81079,66914,52619,9719,4638,685,623414,23594,222054,123001,843,64258,5059,4289,9
06,021,00277275,06021,0500000US06021,Glenn,Glenn County,06,H1,G4020,,,,A,3403160293,33693351,39.6025462,-122.4016998,21742,0,63559,68207,19181,2762,17485,788,80625,2345,706541,1485757,12622,1249367,24163,63571,0
06,079,00277304,06079,0500000US06079,San Luis Obispo,San Luis Obispo County,06,H1,G4020,,42020,,A,8549140866,815650229,35.3881891,-120.4488974,884593,0,226295,128132,71463,8611,44484,2899,401589,657785,3011623,4504912,11447,324189,48308,78999,14